,Index,Prediction,Confidence Negative,Confidence Positive
0,R163C,positive,0.024776247066647963,0.9752237529333521
1,L89F,negative,0.6834442764686284,0.3165557235313716
2,R56Q,positive,0.05425590093451187,0.945744099065488
3,H6Y,negative,0.8923900694330068,0.10760993056699328
4,H7Y,negative,0.5466270729700107,0.4533729270299893
5,R157H,positive,0.05878012093248351,0.9412198790675165
6,R157C,positive,0.024776247066647963,0.9752237529333521
7,G154D,positive,0.0844972733428742,0.9155027266571257
8,S153F,negative,0.9385679210397814,0.061432078960218815
9,V145L,negative,0.9390434931379135,0.06095650686208643
10,L143F,positive,0.2276459601075809,0.7723540398924188
11,V142F,negative,0.9170843008266085,0.0829156991733917
12,S136T,negative,0.9390434931379135,0.06095650686208643
13,P125A,positive,0.2276459601075809,0.7723540398924188
14,P58A,negative,0.9170843008266085,0.0829156991733917
15,P58S,negative,0.9170843008266085,0.0829156991733917
16,R123W,positive,0.0844972733428742,0.9155027266571257
17,K121T,positive,0.0844972733428742,0.9155027266571257
18,F118S,positive,0.20697013426648792,0.793029865733512
