,Index,Prediction,Confidence Negative,Confidence Positive
0,R69C,positive,0.0844972733428742,0.9155027266571257
1,D109A,positive,0.054379911930406706,0.9456200880695931
2,P20S,negative,0.6834442764686284,0.3165557235313716
3,R120G,positive,0.022560773390166208,0.9774392266098341
4,A171T,negative,0.9390434931379135,0.06095650686208643
5,R56W,positive,0.05425590093451187,0.945744099065488
6,D140N,positive,0.054379911930406706,0.9456200880695931
7,D73N,positive,0.054379911930406706,0.9456200880695931
8,R50L,positive,0.05425590093451187,0.945744099065488
9,R107L,positive,0.024776247066647963,0.9752237529333521
10,R11H,positive,0.05878012093248351,0.9412198790675165
11,R157H,positive,0.05878012093248351,0.9412198790675165
12,I124V,negative,0.851341220983854,0.14865877901614588
13,S153T,negative,0.9385679210397814,0.061432078960218815
14,L70M,negative,0.9390434931379135,0.06095650686208643
15,S41A,negative,0.9390434931379135,0.06095650686208643
16,S139T,negative,0.9390434931379135,0.06095650686208643
17,T162S,negative,0.6834442764686284,0.3165557235313716
18,E88D,negative,0.9170843008266085,0.0829156991733917
19,I98V,negative,0.9170843008266085,0.0829156991733917
20,S35T,negative,0.9390434931379135,0.06095650686208643
21,V142I,negative,0.9170843008266085,0.0829156991733917
22,L49F,negative,0.9385679210397814,0.061432078960218815
