,Index,Prediction,Confidence Negative,Confidence Positive
0,H7Y,negative,0.5466270729700107,0.4533729270299893
1,G29R,positive,0.03564133141637686,0.964358668583623
2,R107H,positive,0.05878012093248351,0.9412198790675165
3,P39Q,negative,0.9170843008266085,0.0829156991733917
4,D109G,positive,0.054379911930406706,0.9456200880695931
5,G154S,negative,0.9390434931379135,0.06095650686208643
6,K174N,positive,0.3042478699213537,0.695752130078646
7,P167A,negative,0.6834442764686284,0.3165557235313716
8,R163H,positive,0.05878012093248351,0.9412198790675165
9,P13T,negative,0.9170843008266085,0.0829156991733917
