,Index,Prediction,Confidence Negative,Confidence Positive
0,K174N,positive,0.3042478699213537,0.695752130078646
1,P167A,negative,0.6834442764686284,0.3165557235313716
2,R163C,positive,0.024776247066647963,0.9752237529333521
3,P51L,negative,0.9385679210397814,0.061432078960218815
4,G154D,positive,0.0844972733428742,0.9155027266571257
5,S153F,negative,0.9385679210397814,0.061432078960218815
6,V145L,negative,0.9390434931379135,0.06095650686208643
7,G29R,positive,0.03564133141637686,0.964358668583623
