,Index,Prediction,Confidence Negative,Confidence Positive
0,K174N,positive,0.3042478699213537,0.695752130078646
1,R123W,positive,0.0844972733428742,0.9155027266571257
2,G154D,positive,0.0844972733428742,0.9155027266571257
3,P167A,negative,0.6834442764686284,0.3165557235313716
4,R163C,positive,0.024776247066647963,0.9752237529333521
5,I161T,negative,0.9170843008266085,0.0829156991733917
6,V145L,negative,0.9390434931379135,0.06095650686208643
7,L143F,positive,0.2276459601075809,0.7723540398924188
8,F118S,positive,0.2276459601075809,0.7723540398924188
9,S136T,negative,0.9390434931379135,0.06095650686208643
10,P58A,negative,0.9170843008266085,0.0829156991733917
