index_name,OG AA,Mutation Position,Mutated AA,OG AA Polarity,M AA Polarity,OG AA Hydrophobicity,Mutated Hydrophobicity,OG AA,M AA,OG AA Charge,M AA Charge,Shapes,iso_point,I-Mutant (??G),MUpro,INPS,Variable vs Conserved,# of H-Bonds (wt:166),pdel,Preservation time,Our Predictions
R163C,R,163,C,l,l,-14,63,-4.5,2.5,+,0,U,6.5,-0.55,-0.25436642,-0.10926505,v,168,0.74,750,Positive
L89F,L,89,F,n,n,100,97,3.8,2.8,,,B,6.76,,-1.3070101,-0.9147245,c,166,0.74,750,Negative
R56Q,R,56,Q,l,l,-14,-10,-4.5,-3.5,+,,U,6.5,,-0.85136491,-0.1082885,a,166,0.57,456,Positive
H6Y,H,6,Y,l,l,-31,47,-3.2,-1.3,+,,A,6.71,,-0.61056087,0.492055,c,168,0.5,324,Positive
H7Y,H,7,Y,l,l,-31,47,-3.2,-1.3,+,,A,6.71,,-0.20428508,0.2876265,c,164,0.74,750,Positive
R157H,R,157,H,l,l,-14,-31,-4.5,-3.2,+,+,U,6.55,,-0.64579615,-0.612551,c,164,0.74,750,Positive
R157C,R,157,C,l,l,-14,63,-4.5,2.5,+,,U,6.5,,-0.31715971,-0.556809,c,164,0.74,750,Positive
G154D,G,154,D,n,l,0,-55,-0.4,-3.5,,-,U,6.5,,-0.59804466,-0.22038,v,164,0.5,324,Positive
S153F,S,153,F,l,n,-5,97,-0.8,2.8,,,U,6.76,,-0.13709617,-0.532299,v,164,0.27,176,Negative
V145L,V,145,L,n,n,76,100,4.2,3.8,,,B,6.76,,-0.35512451,-0.9648365,c,164,0.5,361,Negative
L143F,L,143,F,n,n,100,97,3.8,2.8,,,B,6.76,,-0.68527394,-1.9214,c,164,0.95,4200,Positive
V142F,V,142,F,n,n,76,97,4.2,2.8,,,U,6.76,,-3.1241058,-1.278115,a,164,0.57,456,Negative
S136T,S,136,T,l,l,-5,13,-0.8,-0.7,,,B,6.76,,-0.54803748,0.0077495,c,162,0.5,361,Negative
P125A,P,125,A,n,n,-46,31,-1.6,1.8,,,U,6.76,,-1.484917,-1.077115,c,162,0.95,4200,Positive
P58A,P,58,A,n,n,-46,31,-1.6,1.8,,,U,6.76,,-1.2258783,-0.162549,v,166,0.57,456,Negative
P58S,P,58,S,n,l,-46,-5,-1.6,-0.8,,,U,6.76,,-1.2114418,-0.361885375,v,166,0.57,456,Negative
R123W,R,123,W,l,n,-14,97,-4.5,-0.9,+,,U,6.5,,-0.84173941,-0.412668,v,166,0.5,324,Positive
K121T,K,121,T,l,l,-23,13,-3.9,-0.7,+,,B,6.5,,-1.0874155,-0.1940005,c,166,0.5,361,Positive
F118S,F,118,S,n,l,97,-5,2.8,-0.8,,,B,6.76,,-2.1036122,-2.48054,c,166,0.97,4200,Positive
